driverId,name,ssn,location,certified,wage-plan
10,Peter Conner,148-84-8541,"420 Samantha Oval Apt. 768
North Keithberg, MA 23730",N,hours
11,Bobby Gonzalez,319-66-1976,"8848 Gregory Parkways Apt. 259
East Phillip, MH 66263",N,miles
12,Roy Klein,104-36-9762,"036 Mary Harbors Suite 557
Harrisbury, VI 77616",Y,miles
13,Lauren Page,898-73-2839,"699 Mark Prairie
Lake Shawnside, AS 96598",N,hours
14,Edward Calhoun,654-08-6222,"396 Joe Mountains Suite 699
East Christopher, TX 85487",N,miles
15,Scott Garcia,048-25-0129,"2646 Sanchez Green
Lake Mathew, WV 75240",N,miles
16,Diana Soto,270-07-5735,"38431 Maria Glen
West Charles, AS 99435",N,hours
17,Taylor Diaz,891-17-2419,"65400 Cooper Square Suite 911
East Donald, IA 88120",Y,hours
18,Laura Stevens,312-28-3385,"0402 Anderson Brook Apt. 977
New Heather, NY 06832",Y,hours
19,Heather Fox,306-16-1212,"5436 Michelle Cape Apt. 435
East Justin, MO 55355",N,hours
20,Stephen Thompson III,451-30-2853,"78949 Stevens Villages
Deleonland, CA 62292",N,miles
21,Justin Stone,042-33-4309,"944 David Manor Suite 522
Lake Matthew, MA 02660",N,hours
22,Edward Dodson,403-14-1310,"061 Diana Trail
Tammychester, TX 23422",Y,miles
23,Amy Wright,345-48-9474,"88785 Mark Turnpike Apt. 671
Crystalside, AZ 97297",N,hours
24,Mark Cole MD,710-83-2731,"482 Patel Crest
West Catherine, FM 42106",N,hours
25,Stacey Myers,375-44-4124,"16775 Dwayne Brooks Apt. 628
South Bobbyfurt, SC 43775",Y,hours
26,James Michael,882-02-5090,"513 Johnston Plaza
Figueroahaven, AK 69700",N,miles
27,Joseph Mcdonald,135-26-6526,"704 Clark Plains Suite 003
Jacobchester, IA 69893",Y,hours
28,Kristin Bates,361-99-7302,"77589 White Mountain
West Marc, RI 66390",Y,hours
29,Jesse Nichols,435-84-5960,"1591 Davis Crest Suite 813
Jocelynland, AS 73581",N,hours
30,Jacob Gray,185-13-2155,"95530 Johns Flat Suite 829
South Williamside, WA 06277",Y,miles
31,Brandon Swanson,400-54-3719,"23837 Sarah Mountain
Port Kevinfort, TX 87962",N,hours
32,Heather Clark,432-46-3637,"538 Boyle Lakes Suite 501
East Traceychester, KS 00690",Y,miles
33,Jordan Brown,754-95-8376,"22140 Jordan Greens
Moodyville, SD 14306",Y,hours
34,Linda Parker,231-73-0734,"965 Sara Locks
Flynnberg, CO 88079",N,hours
35,Dr. Lisa Young,179-93-4349,"63505 Ortega Street Apt. 448
Daniellehaven, AL 85300",N,miles
36,Shannon Knight,819-71-1649,"60485 Lindsay Oval Suite 357
East Johnborough, MD 50663",N,hours
37,Daniel Ray,506-49-1864,"2012 Blankenship Bypass Apt. 105
Jasonville, CO 15318",N,hours
38,Jonathon Anderson,451-67-6213,"4878 Tracy Skyway
New Seanmouth, AR 64778",N,hours
39,Tracy Burke,780-14-5221,"Unit 6908 Box 7893
DPO AA 17484",Y,hours
40,Jerry Wagner,390-40-8265,"459 Holt Locks Suite 245
Robertland, AK 10495",Y,miles
41,Kaitlyn Olsen,898-41-6382,"Unit 5722 Box 0741
DPO AE 12930",Y,hours
42,Nicholas Dougherty,197-31-6043,"67988 Page Ports
Port Jacobmouth, MA 17452",Y,hours
43,Samantha Daniels,075-41-7452,"129 Carrillo Vista Apt. 658
Chambersbury, NM 23291",N,miles
44,Tracy Allen,604-86-9030,"6615 Jeffrey Lake
Lewisshire, AS 43112",Y,hours
45,William Allen,058-18-3223,"249 Taylor Estates
Patriciaport, NE 32794",Y,miles
46,Randy Mclaughlin,349-40-8832,"PSC 9472, Box 0434
APO AP 21438",Y,hours
47,Terri Rivers,110-97-0421,"641 Jennings Ferry
Port Kaylatown, WI 58650",Y,hours
48,Rhonda Clark,717-57-3305,"9998 Mary Flat
Stephenburgh, HI 69995",N,hours
49,Megan Robertson,586-84-2033,"66779 Matthew Plaza
Elliottberg, GA 81511",Y,miles
50,Megan Miller,803-79-3390,"4653 Jessica Road
East Paul, UT 64127",N,miles
51,Robert Schwartz,776-45-6451,"69106 Alan Streets
Jessicaton, NY 37855",Y,hours
52,Rebecca Alvarez,887-01-7539,"281 Fernandez Village
Jenniferside, OH 53814",N,miles
53,Richard Cordova,320-24-7327,"0219 Mayer Cape Apt. 845
Raymondshire, SD 83032",N,miles
54,Sheila Tucker,458-90-2284,"16605 Manning Plaza Suite 247
South Troybury, ME 60075",Y,miles
55,Eric Roberts,861-40-4246,"25746 Baker Turnpike Suite 948
Johnburgh, NH 88469",N,hours
56,Rebecca Gross,754-59-2226,"16504 Jones Garden Apt. 424
Michaelville, WI 92002",N,miles
57,Darrell Cantrell,697-81-9578,"1148 Powell Place
Youngport, PR 09673",Y,miles
58,Zachary Donaldson,431-10-5053,"PSC 8612, Box 3902
APO AE 86728",N,hours
59,Lee Jenkins,317-07-5057,"72118 Ronald Forest Apt. 862
Debratown, OR 70546",Y,miles
60,Willie Cooper,731-16-9561,"19221 Christina Harbor
Port Jeffrey, WY 60520",Y,hours
61,David Blair,010-98-6967,"801 Hunt Road
South Robertmouth, MP 10414",Y,miles
62,Kimberly Kane,010-64-9534,"154 Meredith Throughway Apt. 568
West Jacobberg, IL 78323",N,miles
63,Savannah Davis MD,581-66-3002,"88819 Benjamin Locks Apt. 596
Anthonyberg, NJ 27200",Y,miles
64,Joshua Hammond,167-61-3916,"17924 Scott Ford Suite 378
Ryanburgh, VT 95474",Y,miles
65,Margaret Wade,403-31-5157,"374 Winters Fall Apt. 741
Lake Cheryl, WV 76791",Y,miles
66,Curtis Sandoval,021-35-1750,"376 April Oval Suite 263
Aprilmouth, TN 46363",Y,miles
67,Megan Smith,347-01-7426,"2253 Maria Crescent Apt. 299
Ericside, NM 48984",Y,hours
68,Elizabeth Reese,032-48-1095,"Unit 3445 Box 6932
DPO AP 59984",Y,hours
69,Erika Mendez,631-59-8328,"5368 Stacy Extensions Suite 890
Sawyershire, NC 19961",Y,hours
70,Katherine Walker,412-16-9123,"0137 Schultz Creek Apt. 562
Cookhaven, MP 31991",Y,hours
71,Kristina Owens,717-73-4972,"4431 Sharon Way Suite 782
New Katherineberg, SC 98120",N,miles
72,Miss Shelley Schwartz,086-32-0505,"12613 Dorsey Motorway
Lake Alyssa, RI 08399",Y,hours
73,John Parsons,370-56-6639,"849 Jeffrey Burgs Apt. 642
Priceborough, NM 08479",N,miles
74,Ricardo Parker,723-63-3260,"591 Carter Wall Apt. 060
Meganfort, SD 86608",Y,hours
75,Joel Little,716-61-2051,"5987 Michelle Lodge
North Patriciaside, PW 57298",N,miles
76,Rachel Hanna,443-16-8265,"7270 Tran Vista
Robinton, TN 82634",Y,miles
77,Sharon Johnson,532-61-4894,"2711 Daniel Shore Apt. 922
North Davidborough, MH 44529",N,hours
78,Christopher Liu,887-04-6896,"PSC 9930, Box 0894
APO AA 67840",Y,miles
79,Angela Green,285-73-9616,"324 Ingram Parks Suite 894
Cruzhaven, PR 37362",Y,hours
80,Michael Williams,254-55-2348,"77432 Christy Alley Apt. 051
Port Jessica, WA 07426",Y,hours
81,John Mitchell,143-73-2186,"70958 Miranda Shoals Suite 644
New Gina, SD 85122",N,miles
82,Ryan Rollins,585-23-2296,"PSC 2913, Box 4571
APO AE 47019",Y,hours
83,Madison Delgado,279-16-5174,"434 Frazier Creek Apt. 904
Danielfort, MP 72420",N,miles
84,Barbara Nguyen,045-68-9650,"0728 Eric Circle Suite 118
East Zacharytown, AS 25602",N,miles
85,Cory Kerr,236-07-0872,"05491 Michael Tunnel Apt. 506
Susanfurt, VA 92645",Y,hours
86,Emily Miller,178-19-6497,"8005 Roberts Lights
Crawfordtown, NY 54984",Y,miles
87,Scott Morse,111-43-8689,"7406 Davis Port
East Laura, NC 85611",N,miles
88,Laura Brown,560-25-7193,"USS Jones
FPO AP 90707",Y,hours
89,Erik Miller,495-92-6669,"9369 Powell Isle
New David, NM 75301",N,hours
90,Alejandro Jones,394-99-3131,"4887 Megan Port Apt. 464
Gregoryhaven, CT 40249",N,hours
91,Troy Moore,705-41-4698,"495 Michael Fort Suite 290
Allentown, OR 05915",Y,miles
92,Mr. Scott Wagner,846-19-0139,"2979 Sullivan Junction Apt. 656
Staceybury, UT 28354",N,hours
93,Natalie Hoffman,298-72-9143,"8357 Caitlin Heights
Clarktown, AS 97308",Y,hours
94,Tracy Fowler,135-56-7700,"445 Karen Grove
Bryanshire, MH 61491",Y,miles
95,Krystal Stokes,220-93-4391,"372 Michelle Cliffs Apt. 469
Port Sharonhaven, NH 87400",Y,hours
96,Todd Daniels,883-34-9949,"4309 Diane Circle Apt. 735
Weeksstad, IA 32769",N,miles
97,Matthew Cunningham,735-10-2674,"48665 Mills Corner Suite 339
Kevinland, NH 53156",N,hours
98,Brian Klein,181-58-1758,"71486 Hall Port Apt. 727
East Scott, AL 06644",Y,miles
99,Isaiah Delacruz,048-92-6396,"3813 Andrew Valley
North Theresachester, UT 98063",N,miles
100,Angela Vargas,181-34-2524,"33048 Luna Ranch Apt. 633
Pruittview, DE 75281",Y,hours
101,Robert Banks,120-10-3916,"62712 Paul Radial
Lake Ricky, MA 40521",Y,hours
102,Bruce Stone,633-03-8147,"6537 Middleton Stream Apt. 888
Danielville, WI 30876",N,miles
103,Bryan Stewart,601-46-7263,"41283 Caleb Dale
East Jose, MS 77988",Y,miles
104,Renee Stokes,776-96-0863,"820 Reid Rapid
Kennedyshire, PR 37992",Y,miles
105,William Byrd,821-18-9291,"4743 Heather Crest Suite 340
East Gregoryburgh, VT 11859",N,miles
106,Kevin Rodriguez,109-22-6267,"1607 Cox Roads Apt. 010
South Davidshire, CA 31955",N,hours
107,Dustin Wallace,481-24-3706,"395 Lauren Inlet
North John, VA 48582",N,miles
108,Monica Hughes DDS,247-69-9395,"65702 Laura Oval
East Jessicastad, VI 39241",N,hours
109,Kevin Morris,493-90-8969,"910 Figueroa Vista
Wilsonborough, CA 58712",N,hours
